"app","layer","l_app","odoo_mod","o_app","l_dep","o_dep","l_cat","o_cat","verdict"
"core","L1","False","base","False","system","","Technical","Hidden","CAT:odoo='Hidden'/local='Technical'"
"auth","L1","False","auth_signup","False","system","system,inbox,reports","Technical","Hidden/Tools","CAT:odoo='Hidden/Tools'/local='Technical'"
"tenants","L1","False","-","-","system","-","Technical","-","NO-ODOO-EQUIV"
"system","L2","False","base_setup","False","","core,reports","Administration","Hidden","CAT:odoo='Hidden'/local='Administration'"
"apps","L2","False","-","-","system","-","Administration","-","NO-ODOO-EQUIV"
"users","L2","False","auth_signup","False","system","system,inbox,reports","Technical","Hidden/Tools","CAT:odoo='Hidden/Tools'/local='Technical'"
"inbox","L2","False","mail","True","system","core,system,[bus],[web_tour]","Technical","Productivity/Discuss","APP:odoo=True/local=False | CAT:odoo='Productivity/Discuss'/local='Technical'"
"portal","L2","False","portal","False","system","reports,[web_editor],[http_routing],inbox,users","Technical","Hidden","DEPENDS-missing:users | CAT:odoo='Hidden'/local='Technical'"
"automation","L2","False","base_automation","False","core,system","core,[resource],inbox,[sms]","Technical","Sales/Sales","CAT:odoo='Sales/Sales'/local='Technical'"
"reports","L2","False","web","False","system","core","Technical","Hidden","CAT:odoo='Hidden'/local='Technical'"
"product","L2","False","product","False","core","core,inbox,[uom]","Inventory","Sales/Sales","CAT:odoo='Sales/Sales'/local='Inventory'"
"shipping","L2","False","delivery","False","inventory","sales","Inventory","Sales/Delivery","DEPENDS-missing:sales | CAT:odoo='Sales/Delivery'/local='Inventory'"
"payments","L4","False","payment","False","system","[onboarding],portal","Accounting","Hidden","DEPENDS-missing:portal | CAT:odoo='Hidden'/local='Accounting'"
"accounting","L3","True","account","True","system","system,[onboarding],product,[analytic],portal,[digest]","Accounting","Accounting/Accounting","DEPENDS-missing:portal+product"
"invoicing","L3","True","account","True","core,system","system,[onboarding],product,[analytic],portal,[digest]","Accounting","Accounting/Accounting","DEPENDS-missing:portal+product"
"expenses","L3","True","hr_expense","True","system,employees,accounting","accounting,[web_tour],employees","Human Resources","Human Resources/Expenses",""
"consolidation","L3","True","-","-","core,system","-","Accounting","-","NO-ODOO-EQUIV"
"equity","L3","True","-","-","system","-","Accounting","-","NO-ODOO-EQUIV"
"esg","L3","True","-","-","system","-","Accounting","-","NO-ODOO-EQUIV"
"crm","L3","True","crm","True","system","system,[sales_team],inbox,calendar,[resource],[utm],[web_tour],[contacts],[digest],[phone_validation]","CRM","Sales/CRM","DEPENDS-missing:calendar | CAT:odoo='Sales/CRM'/local='CRM'"
"sales","L3","True","sale","False","system","[sales_team],[account_payment],[utm]","Sales","Sales/Sales","APP:odoo=False/local=True"
"subscriptions","L3","True","-","-","system,accounting","-","Sales","-","NO-ODOO-EQUIV"
"rental","L3","True","-","-","system","-","Rental","-","NO-ODOO-EQUIV"
"pos","L3","True","point_of_sale","True","system","[stock_account],[barcodes],[web_editor],[digest]","Point of Sale","Sales/Point of Sale","CAT:odoo='Sales/Point of Sale'/local='Point of Sale'"
"appointments","L3","True","-","-","system","-","Appointments","-","NO-ODOO-EQUIV"
"amazon","L4","True","-","-","system","-","Sales","-","NO-ODOO-EQUIV"
"inventory","L3","True","stock","True","system,procurement","product,[barcodes_gs1_nomenclature],[digest]","Inventory","Inventory/Inventory","DEPENDS-missing:product"
"procurement","L3","True","purchase","True","system,accounting","accounting","Purchase","Inventory/Purchase","CAT:odoo='Inventory/Purchase'/local='Purchase'"
"barcode","L3","True","stock_barcode","-","core,system","-","Inventory","-","ENTERPRISE-ONLY(not in CE repo)"
"manufacturing","L3","True","mrp","True","system,inventory","product,inventory,[resource]","Manufacturing","Manufacturing/Manufacturing","DEPENDS-missing:product"
"production","L3","True","mrp","True","system","product,inventory,[resource]","Manufacturing","Manufacturing/Manufacturing","DEPENDS-missing:inventory+product"
"maintenance","L3","True","maintenance","True","system","inbox","Maintenance","Manufacturing/Maintenance","CAT:odoo='Manufacturing/Maintenance'/local='Maintenance'"
"quality","L3","True","-","-","system","-","Quality","-","NO-ODOO-EQUIV"
"repair","L3","True","repair","True","core,system","[sale_stock],[sale_management]","Repairs","Inventory/Inventory","CAT:odoo='Inventory/Inventory'/local='Repairs'"
"fleet","L3","True","fleet","True","system","core,inbox","Fleet","Human Resources/Fleet","CAT:odoo='Human Resources/Fleet'/local='Fleet'"
"iot","L3","True","-","-","core,system","-","IoT","-","NO-ODOO-EQUIV"
"employees","L3","True","hr","True","system","system,[phone_validation],inbox,[resource],reports","Human Resources","Human Resources/Employees",""
"timeoff","L3","True","hr_holidays","True","system,employees","employees,calendar,[resource]","Human Resources","Human Resources/Time Off","DEPENDS-missing:calendar"
"timesheets","L3","True","hr_timesheet","False","core","employees,[hr_hourly_cost],[analytic],projects,[uom]","Timesheets","Services/Timesheets","APP:odoo=False/local=True | DEPENDS-missing:employees+projects | CAT:odoo='Services/Timesheets'/local='Timesheets'"
"timeclock","L3","True","hr_attendance","True","system,employees","employees,[barcodes]","Human Resources","Human Resources/Attendances",""
"payroll","L3","True","-","-","system,employees,accounting","-","Human Resources","-","NO-ODOO-EQUIV"
"recruiting","L3","True","hr_recruitment","True","system,employees","employees,calendar,[utm],[attachment_indexation],[web_tour],[digest]","Human Resources","Human Resources/Recruitment","DEPENDS-missing:calendar"
"performance","L3","True","-","-","system,employees","-","Human Resources","-","NO-ODOO-EQUIV"
"referrals","L3","True","-","-","core","-","Human Resources","-","NO-ODOO-EQUIV"
"lunch","L3","True","lunch","True","core,system","inbox","Human Resources","Human Resources/Lunch",""
"frontdesk","L3","True","-","-","system","-","Human Resources","-","NO-ODOO-EQUIV"
"planning","L3","True","-","-","system,projects,employees","-","Planning","-","NO-ODOO-EQUIV"
"projects","L3","True","project","True","system,crm","[analytic],system,inbox,portal,[rating],[resource],reports,[web_tour],[digest]","Project","Services/Project","DEPENDS-missing:portal | CAT:odoo='Services/Project'/local='Project'"
"tasks","L3","True","project_todo","True","system","projects","Productivity","Productivity/To-Do","DEPENDS-missing:projects"
"dispatch","L3","True","-","-","system","-","Field Service","-","NO-ODOO-EQUIV"
"helpdesk","L3","True","-","-","system","-","Helpdesk","-","NO-ODOO-EQUIV"
"website","L3","True","website","True","system","[digest],reports,[web_editor],[http_routing],portal,[social_media],users,inbox,[google_recaptcha],[utm]","Website","Website/Website","DEPENDS-missing:portal+users"
"blog","L3","True","website_blog","False","system","[website_mail],[website_partner]","Website","Website/Website","APP:odoo=False/local=True"
"forum","L3","True","website_forum","False","core,system","users,[website_mail],[website_profile]","Website","Website/Website","APP:odoo=False/local=True | DEPENDS-missing:users"
"ecommerce","L3","True","website_sale","True","system","website,sales,[website_payment],[website_mail],[portal_rating],[digest],shipping","Website","Website/Website","DEPENDS-missing:sales+shipping+website"
"learning","L3","True","website_slides","True","system,website","[portal_rating],website,[website_mail],[website_profile]","eLearning","Website/eLearning","CAT:odoo='Website/eLearning'/local='eLearning'"
"knowledge","L3","True","-","-","core","-","Website","-","NO-ODOO-EQUIV"
"events","L3","True","event","False","core","[barcodes],system,inbox,[phone_validation],portal,[utm]","Events","Marketing/Events","APP:odoo=False/local=True | DEPENDS-missing:portal | CAT:odoo='Marketing/Events'/local='Events'"
"surveys","L3","True","survey","True","core","users,[http_routing],inbox,[web_tour],[gamification]","Surveys","Marketing/Surveys","DEPENDS-missing:users | CAT:odoo='Marketing/Surveys'/local='Surveys'"
"campaigns","L3","True","mass_mailing","True","core","[contacts],inbox,[utm],[link_tracker],[web_editor],[social_media],[web_tour],[digest]","Email Marketing","Marketing/Email Marketing","CAT:odoo='Marketing/Email Marketing'/local='Email Marketing'"
"journeys","L3","True","-","-","system,crm","-","Email Marketing","-","NO-ODOO-EQUIV"
"sms","L3","True","mass_mailing_sms","True","system","portal,campaigns,[sms]","SMS Marketing","Marketing/Email Marketing","DEPENDS-missing:campaigns+portal | CAT:odoo='Marketing/Email Marketing'/local='SMS Marketing'"
"social","L3","True","-","-","core","-","Social Marketing","-","NO-ODOO-EQUIV"
"calendar","L3","True","calendar","True","core","core,inbox,[onboarding]","Productivity","Productivity/Calendar",""
"documents","L3","True","-","-","system","-","Documents","-","NO-ODOO-EQUIV"
"sign","L3","True","-","-","core","-","Sign","-","NO-ODOO-EQUIV"
"spreadsheet","L3","True","spreadsheet","False","core","[bus],reports,portal","Accounting","Hidden","APP:odoo=False/local=True | DEPENDS-missing:portal | CAT:odoo='Hidden'/local='Accounting'"
"studio","L3","True","-","-","core,system","-","Technical","-","NO-ODOO-EQUIV"
"voip","L3","True","-","-","core,system","-","Discuss","-","NO-ODOO-EQUIV"
"whatsapp","L3","True","whatsapp","-","core","-","Discuss","-","ENTERPRISE-ONLY(not in CE repo)"
"analytics","L3","True","spreadsheet_dashboard","False","system","","Productivity","?","APP:odoo=False/local=True | CAT:odoo='?'/local='Productivity'"
"approvals","L3","True","-","-","system","-","Technical","-","NO-ODOO-EQUIV"
"agents","L3","True","-","-","ai_engine,system,automation","-","Administration","-","NO-ODOO-EQUIV"
"ai_engine","L4","False","-","-","system","-","Technical","-","NO-ODOO-EQUIV"
"soc","L3","True","-","-","system","-","Security","-","NO-ODOO-EQUIV"
"discuss","L3","True","mail","True","system","core,system,[bus],[web_tour]","Discuss","Productivity/Discuss","CAT:odoo='Productivity/Discuss'/local='Discuss'"
"messaging","L3","True","im_livechat","True","core","[]","Discuss","Website/Live Chat","CAT:odoo='Website/Live Chat'/local='Discuss'"
